{
  "log_columns": [
    0
  ],
  "mean": [
    1.0116362332618873,
    2.5265569425146244,
    549.1348211881814
  ],
  "scale": [
    0.3608702844785082,
    0.7011892649394007,
    260.59246770969753
  ]
}